{
    "kmeans_plain": {
        "F1": 0.8425787106446777,
        "Recall": 0.904138770541692
    },
    "kmeans_zt": {
        "F1": 0.8297451125958921,
        "Recall": 0.8965413533834586
    },
    "kmeans_pt": {
        "F1": 0.7063106796116505,
        "Recall": 0.8222679200940071
    }
}