{
    "aglo_plain": {
        "F1": 0.8974635725849973,
        "Recall": 0.9364548494983278
    },
    "aglo_zt": {
        "F1": 0.834448574969021,
        "Recall": 0.8993672793009942
    },
    "aglo_pt": {
        "F1": 0.957983193277311,
        "Recall": 0.9719626168224299
    }
}