{
    "kmeans_zt": {
        "F1": 0.9394114252740912,
        "Recall": 0.9618181818181818
    },
    "kmeans_pt": {
        "F1": 0.9616806722689075,
        "Recall": 0.9747675962815405
    }
}