{
    "aglo_zt": {
        "F1": 0.8270935960591133,
        "Recall": 0.8950358851674641
    },
    "aglo_pt": {
        "F1": 0.8711006474396704,
        "Recall": 0.9183445190156599
    }
}